decile,n,win_rate,te_min,te_max,te_mean
0,442,0.006787330316742082,0.0,0.3333333333333333,0.006787330316742082
1,48,0.8333333333333334,0.5,1.0,0.8333333333333334
